"id";"value"
239;"TERADEK"
216;"THOUSAND OAKS OPTICAL"
51;"PHOTTIX"
241;"MEVO"
163;"VANGUARD"
167;"SHIMODA DESIGNS"
174;"LOCKE"
153;"ATLAS PACKS"
230;"DELKIN DEVICES"
48;"VISIBLEDUST"
186;"ONA"
257;"FOTOPRO"
240;"NAUPRO"
43;"7ARTISANS"
39;"YELANGU"
61;"APEXEL"
238;"VENIWIND"
178;"PARROT"
209;"TIFFEN"
71;"MICROPRO"
232;"RODE"
228;"LEICA"
74;"LENSBABY"
173;"SYMA"
226;"IPALUX"
79;"AMAZON"
155;"STRONGCASE"
41;"SACHTLER"
88;"KENKO"
127;"COKIN"
182;"SIRUI"
128;"BMD"
225;"TTARTISAN"
132;"3 LEGGED THING"
133;"BEASTGRIP"
135;"MATTHEWS"
136;"PHOTOFLEX"
137;"SHAPE"
58;"SANDISK"
142;"SCHNEIDER OPTICS"
143;"TIFFEN FILTERS"
145;"K-TEK"
201;"VISICO"
148;"KATA"
151;"PORTA BRACE"
156;"GLIDECAM"
80;"SAMYANG"
159;"FRINGER"
231;"VIJIM"
206;"NEST"
245;"JUPIO"
181;"TARGUS"
188;"PCF OEM"
212;"BLADE"
82;"TRIOPO"
63;"LENSCOAT"
157;"TILTA"
168;"KUPO"
207;"MOZA"
134;"DJ"
130;"MINDSHIFT"
140;"SYRP"
251;"FEELWORLD"
177;"LENSPEN"
210;"ILUMINUS"
164;"GODOX"
152;"TAMRAC"
233;"FUJINON"
125;"BLACKMAGIC DESIGN"
213;"ELGATO"
38;"GIZOMOS"
235;"WOLIGU"
165;"BOWENS"
227;"ZHIYUN"
176;"GEAR"
237;"BOUNDARY"
36;"OCONNOR"
179;"LACIE"
141;"E-IMAGE"
169;"MENGS"
30;"GENERICO"
208;"TAMBO"
242;"FALCON"
244;"LEXAR"
187;"THULE"
78;"METABONES"
183;"CASE LOGIC"
218;"SHIMODA"
236;"LAOWA"
175;"POWERUP "
93;"ZOOM"
86;"OSMO"
261;"INCA"
185;"BLACKRAPID"
184;"JEALIOT"
192;"INDIPRO"
246;"ENEROID"
150;"NATIONAL GEOGRAPHIC"
161;"VENUS OPTICS"
234;"INSTA 360"
154;"NYA-EVO"
139;"THINK TANK PHOTO"
90;"CAMPARK"
92;"BLACKMAGIC"
249;"POWEREX"
256;"SNAPTAIN"
247;"SESCOM"
248;"COMICA"
211;"LOWEPRO "
229;"NICEFOTO"
180;"LG"
144;"LEE FILTERS"
243;"EASYCOVER"
254;"WASABI POWER"
255;"MILIBOO"
170;"DAYSTAR"
69;"AVENGER"
220;"NANLITE"
222;"INDIPRO TOOLS"
198;"PRUEBA"
219;"TAMROM"
190;"EIRMAI"
44;"SONY"
193;"YOPHY"
252;"NEEWER"
70;"BOYA"
253;"TELESIN"
160;"FOTODIOX"
147;"SENSEI"
199;"GENÃ‰RICO"
81;"LEOFOTO"
95;"OLYMPUS"
200;"IKELITE"
55;"CANON"
195;"THINKTANK"
224;"MASTER LOCK"
250;"NITECORE"
223;"SPYPOINT"
126;"INSTAX"
72;"ZHIYUN-TECH"
215;"RICOH"
91;"BROWNING"
158;"TENBA"
149;"LOWEPRO"
32;"SLIK"
65;"NIKKOR"
34;"EDELKRONE"
202;"CASE LOGIC "
162;"7 ARTISANS"
258;"PULUZ"
172;"K&F"
146;"HAIDA"
221;"CANSON INFINITY"
259;"CAME TV"
217;"VILTROX"
260;"LITRA"
189;"PRIMAPHOTO"
64;"SOLIGOR"
129;"NISI"
68;"POWERWIN"
171;"FANCIER"
77;"INSTA360"
205;"ULANZI"
87;"DJI"
1;"-"
203;"WEIFENG"
191;"PGYTECH"
35;"GOPRO"
83;"PEAK DESIGN"
42;"SMALLRIG"
67;"CKMOVA"
33;"JOBY"
204;"OTROS FABRICANTES"
66;"SARAMONIC"
76;"DISPHO"
29;"MANFROTTO"
50;"YONGNUO"
138;"F-STOP"
60;"SIGMA"
52;"ZEISS"
46;"TAMRON"
62;"IRIX"
45;"MEIKE"
57;"ROKINON"
47;"TOKINA"
37;"BENRO"
73;"GITZO"
166;"PEAK DESING"
59;"HASSELBLAD"
131;"FORMATT HITECH"
194;"HOYA"
40;"HPRC"
75;"PANASONIC"
49;"FUJIFILM"
53;"NIKON"
214;"URAYAKU"
